{"cameraMode":{"drawMode":0,"name":"Shaded","section":"Shading Mode"},"sceneLighting":true,"audioPlay":false,"sceneViewState":{"showFog":false,"showMaterialUpdate":false,"showSkybox":false,"showFlares":false,"showImageEffects":false,"showParticleSystems":false},"in2DMode":false,"pivot":{"x":-0.32066279649734499,"y":1.5223562717437745,"z":6.112215042114258},"rotation":{"x":0.026539618149399759,"y":-0.9733625650405884,"z":0.16839665174484254,"w":0.1533786803483963},"size":1.386986494064331,"orthographic":false}